DEPT,AT90,GR,HCAL,NPHI,RHOZ,DTCO,DTSM
7197,1.875,104.923,8.9,0.131,2.582,69.462,124.115
7197.5,1.968,111.768,8.915,0.124,2.574,69.442,123.838
7198,1.997,99.922,8.93,0.121,2.573,69.383,123.785
7198.5,2.012,95.353,8.941,0.114,2.571,69.449,124.109
7199,1.893,87.719,8.986,0.107,2.579,69.643,124.441
7199.5,1.738,91.799,8.975,0.109,2.581,70.151,124.355
7200,1.597,99.133,8.919,0.12,2.576,70.385,124.118
7200.5,1.472,103.345,8.941,0.136,2.559,70.293,124.782
7201,1.373,105.965,8.93,0.138,2.538,70.377,124.518
7201.5,1.297,99.627,8.919,0.147,2.509,70.431,124.292
7202,1.232,91.861,8.915,0.154,2.49,70.669,124.586
7202.5,1.16,76.832,8.907,0.143,2.486,70.699,123.98
7203,1.096,64.601,8.862,0.128,2.502,70.651,123.788
7203.5,1.047,63.943,8.885,0.127,2.506,70.718,124.145
7204,1.01,69.639,8.87,0.135,2.494,71.006,124.361
7204.5,0.997,70.287,8.862,0.136,2.48,71.33,124.621
7205,0.987,70.156,8.84,0.124,2.485,71.724,126.478
7205.5,0.963,73.959,8.885,0.129,2.489,72.214,126.814
7206,0.917,79.237,8.9,0.145,2.476,73.252,127.41
7206.5,0.879,82.791,8.862,0.172,2.451,73.624,128.149
7207,0.857,77.935,8.896,0.176,2.437,73.78,128.251
7207.5,0.866,81.081,8.941,0.183,2.44,74.255,128.308
7208,0.88,83.294,8.877,0.166,2.437,74.399,129.817
7208.5,0.898,85.019,8.862,0.167,2.437,74.69,130.937
7209,0.909,83.44,8.851,0.152,2.437,74.657,130.917
7209.5,0.884,81.358,8.851,0.155,2.443,74.474,129.7
7210,0.87,83.638,8.874,0.156,2.438,74.422,130.422
7210.5,0.864,82.848,8.896,0.168,2.437,74.304,129.529
7211,0.87,82.585,8.87,0.163,2.443,74.352,130.646
7211.5,0.875,83.861,8.806,0.171,2.464,74.337,130.557
7212,0.865,92.059,8.84,0.172,2.474,74.409,130.714
7212.5,0.84,95.694,8.84,0.182,2.47,74.458,130.905
7213,0.822,96.545,8.84,0.183,2.454,74.363,130.562
7213.5,0.832,92.295,8.84,0.18,2.446,74.363,130.295
7214,0.835,87.871,8.862,0.17,2.453,74.51,131.159
7214.5,0.825,84.649,8.896,0.162,2.463,74.657,130.469
7215,0.811,79.384,8.919,0.163,2.459,74.824,130.179
7215.5,0.786,79.121,8.874,0.175,2.441,74.799,130.47
7216,0.753,80.817,8.907,0.183,2.419,74.607,129.485
7216.5,0.725,82.938,8.907,0.189,2.421,74.445,129.15
7217,0.727,83.075,8.877,0.19,2.435,74.177,129.898
7217.5,0.776,76.362,8.93,0.176,2.45,74.044,129.356
7218,0.808,73.979,8.964,0.15,2.448,73.989,130.225
7218.5,0.805,70.024,8.975,0.138,2.436,73.857,130.789
7219,0.825,75.143,8.975,0.144,2.422,73.737,131.241
7219.5,0.835,80.276,9.009,0.164,2.418,73.387,129.784
7220,0.832,90.429,8.986,0.165,2.428,73.047,129.75
7220.5,0.845,95.051,9.065,0.167,2.453,72.856,129.278
7221,0.839,100.579,9.426,0.151,2.483,72.768,129.285
7221.5,0.9,101.219,9.268,0.157,2.501,72.618,128.641
7222,1.03,102.026,9.099,0.159,2.506,71.807,128.853
7222.5,1.216,97.946,9.088,0.153,2.52,71.253,128.713
7223,1.383,99.526,9.088,0.139,2.55,70.678,123.952
7223.5,1.501,101.469,9.076,0.117,2.57,70.169,123.572
7224,1.615,102.917,9.065,0.116,2.574,69.431,122.274
7224.5,1.778,100.303,9.031,0.122,2.552,68.885,120.692
7225,1.973,101.632,9.02,0.133,2.55,68.46,120.139
7225.5,2.091,106.945,9.043,0.139,2.549,67.891,119.877
7226,2.183,105.743,9.028,0.142,2.558,67.763,119.464
7226.5,2.224,100.741,9.028,0.133,2.559,67.569,119.011
7227,2.152,97.402,9.054,0.118,2.565,67.65,119.218
7227.5,1.882,97.683,9.088,0.106,2.565,67.784,119.216
7228,1.704,97.551,9.028,0.106,2.563,68.021,119.848
7228.5,1.532,95.928,9.005,0.122,2.551,68.19,119.974
7229,1.406,99.019,9.043,0.131,2.533,68.86,120.228
7229.5,1.281,103.532,9.043,0.143,2.517,69.065,120.783
7230,1.185,97.854,9.009,0.143,2.505,69.57,120.906
7230.5,1.113,92.575,8.997,0.146,2.5,70.173,121.015
7231,1.039,82.924,8.99,0.143,2.5,70.436,121.82
7231.5,0.991,80.366,8.975,0.146,2.49,71.137,122.55
7232,0.93,75.692,8.975,0.144,2.474,71.955,123.106
7232.5,0.864,72.933,8.997,0.15,2.457,72.231,123.29
7233,0.838,73.71,9.02,0.159,2.451,72.211,123.758
7233.5,0.838,73.46,9.043,0.168,2.448,72.215,124.034
7234,0.85,78.067,9.028,0.162,2.438,72.394,124.256
7234.5,0.869,78.067,9.02,0.155,2.439,72.389,124.358
7235,0.883,79.633,9.028,0.151,2.451,72.281,124.404
7235.5,0.897,79.384,9.043,0.157,2.464,72.358,124.437
7236,0.926,79.801,9.009,0.159,2.469,72.183,124.31
7236.5,0.951,85.71,9.043,0.151,2.477,72.127,125.004
7237,0.961,91.375,9.088,0.15,2.498,72.087,124.769
7237.5,0.96,101.678,9.088,0.154,2.516,71.958,124.95
7238,0.962,104.16,9.095,0.164,2.523,71.833,125.105
7238.5,1.007,105.607,9.088,0.158,2.515,71.731,125.32
7239,1.066,102.521,9.155,0.138,2.519,71.404,125.235
7239.5,1.098,103.87,9.144,0.128,2.529,71.06,124.693
7240,1.14,108.327,9.121,0.133,2.536,70.713,124.041
7240.5,1.174,105.71,9.125,0.144,2.524,70.503,123.562
7241,1.225,95.575,9.144,0.141,2.512,69.768,122.734
7241.5,1.33,82.808,9.099,0.127,2.512,69.833,122.151
7242,1.32,81.212,9.065,0.124,2.521,69.603,121.589
7242.5,1.195,88.075,9.099,0.138,2.531,69.419,121.127
7243,1.232,88.864,9.076,0.15,2.539,69.565,120.993
7243.5,1.207,87.811,9.099,0.146,2.545,69.382,120.314
7244,1.226,82.134,9.088,0.125,2.545,69.362,120.174
7244.5,1.228,87.152,9.08,0.127,2.542,69.177,120.44
7245,1.211,95.05,9.076,0.14,2.54,69.151,118.946
7245.5,1.325,96.761,9.076,0.156,2.537,68.786,118.786
7246,1.437,95.164,9.043,0.148,2.533,68.326,117.944
7246.5,1.461,86.623,9.05,0.129,2.536,68.005,117.658
7247,1.408,82.81,9.088,0.11,2.554,67.882,117.184
7247.5,1.841,68.2,9.095,0.059,2.559,67.911,116.974
7248,3.352,50.158,9.054,0.011,2.513,67.779,116.866
7248.5,6.154,27.777,9.02,-0.009,2.385,67.81,117.491
7249,12.526,13.694,9.2,-0.015,2.228,67.791,118.526
7249.5,21.979,8.161,9.2,-0.016,2.101,67.45,118.995
7250,43.279,7.636,9.211,-0.016,2.039,67.39,119.465
7250.5,61.148,10.4,9.095,-0.015,2.047,67.322,120.137
7251,113.002,10.531,9.043,-0.013,2.089,67.425,120.322
7251.5,333.363,10.793,8.967,-0.012,2.135,66.963,120.691
7252,1938.919,9.742,8.952,-0.012,2.149,66.764,120.722
7252.5,1950,9.874,9.054,-0.012,2.152,66.255,120.261
7253,725.773,9.347,9.076,-0.009,2.141,65.731,119.704
7253.5,197.599,9.609,9.043,-0.003,2.205,65.015,118.962
7254,92.94,8.425,9.155,0.001,2.331,64.539,118.163
7254.5,56.418,10.926,9.009,0.006,2.469,64.04,115.725
7255,35.882,13.427,8.997,0.014,2.55,63.508,114.039
7255.5,17.704,24.877,8.997,0.021,2.567,62.266,112.703
7256,9.525,44.699,8.997,0.03,2.577,61.529,111.309
7256.5,8.777,65.45,9.02,0.027,2.554,61.016,108.414
7257,11.303,79.008,9.009,0.022,2.52,60.639,106.74
7257.5,16.58,77.41,9.028,0.013,2.486,59.906,105.555
7258,27.06,77.455,9.054,0.009,2.468,59.641,104.741
7258.5,45,77.192,9.031,0.007,2.458,59.45,103.398
7259,39.908,78.198,9.05,0.007,2.445,59.088,102.917
7259.5,34.902,75.96,8.997,0.006,2.447,58.888,102.649
7260,44.576,72.806,9.02,0.003,2.453,58.824,102.583
7260.5,76.529,66.748,9.009,0.002,2.462,58.92,102.259
7261,151.999,60.956,9.005,0.002,2.465,58.958,102.333
7261.5,199.69,55.029,9.005,0.002,2.454,58.748,102.142
7262,261.03,57.652,8.997,0.001,2.442,58.594,101.7
7262.5,268.155,57.398,9.028,0.001,2.424,58.41,101.089
7263,275.504,55.161,9.028,-0.001,2.418,58.277,100.645
7263.5,319.01,50.027,9.035,-0.003,2.415,58.168,100.514
7264,417.367,44.23,9.043,-0.005,2.409,58.157,100.546
7264.5,447.803,40.281,9.054,-0.005,2.405,58.048,100.316
7265,453.14,38.702,9.043,-0.004,2.405,58.1,100.485
7265.5,378.712,43.05,9.054,-0.003,2.403,58.016,100.628
7266,385.613,48.71,9.02,-0.002,2.409,58.122,100.497
7266.5,350.528,50.816,9.009,0,2.412,58.118,100.911
7267,185.965,55.94,9.043,0.003,2.428,58.124,101.255
7267.5,115.861,62.666,8.967,0.006,2.441,58.284,101.392
7268,92.231,75.302,8.967,0.007,2.453,58.241,101.624
7268.5,99.413,78.593,8.975,0.006,2.46,58.225,102.027
7269,138.047,78.843,8.982,0.006,2.464,58.44,102.479
7269.5,161.653,80.834,9.005,0.007,2.468,58.696,102.698
7270,127.241,83.73,8.99,0.009,2.474,58.709,102.783
7270.5,102.81,95.576,9.005,0.011,2.474,58.826,102.789
7271,84.249,97.27,8.997,0.009,2.476,58.804,102.558
7271.5,80.347,96.358,8.986,0.008,2.47,58.785,102.626
7272,86.052,89.935,8.986,0.004,2.465,58.605,102.397
7272.5,109.75,79.532,8.975,0.002,2.457,58.372,102.257
7273,103.547,72.822,8.986,0,2.446,58.517,102.322
7273.5,213.825,64.24,8.997,0,2.442,58.671,102.699
7274,78.914,61.085,8.975,0.001,2.443,59.055,103.27
7274.5,63.539,58.31,8.975,0.006,2.451,59.366,103.815
7275,34.301,63.325,8.997,0.014,2.465,59.877,104.36
7275.5,18.417,86.623,8.941,0.039,2.495,59.955,104.591
7276,12.82,111.5,8.93,0.064,2.53,60.003,105.302
7276.5,8.932,131.361,8.93,0.073,2.559,59.919,105.366
7277,8.832,129.672,8.937,0.059,2.569,59.788,105.651
7277.5,11.906,125.197,8.967,0.034,2.572,59.735,105.289
7278,17.632,111.508,8.986,0.02,2.567,59.334,104.659
7278.5,23.558,102.93,8.997,0.014,2.555,58.874,103.698
7279,35.744,94.103,8.986,0.013,2.536,57.67,103.019
7279.5,53.161,91.497,8.997,0.011,2.518,57.324,101.484
7280,71.648,87.9,8.99,0.011,2.506,57.062,100.823
7280.5,106.17,86.065,8.975,0.012,2.511,56.838,100.589
7281,162.37,84.459,8.945,0.011,2.52,56.611,100.024
7281.5,239.634,84.898,8.952,0.013,2.534,56.7,99.738
7282,309.337,86.756,8.952,0.012,2.54,56.729,99.742
7282.5,311.715,87.02,8.952,0.013,2.545,56.843,99.832
7283,247.148,84.782,8.952,0.012,2.547,56.884,99.816
7283.5,201.204,88.32,8.952,0.015,2.547,56.94,99.933
7284,144.379,90.706,8.967,0.018,2.548,57.101,100.06
7284.5,103.473,95.707,8.96,0.022,2.55,57.133,100.012
7285,73.898,92.022,8.952,0.025,2.552,57.083,100.652
7285.5,58.582,90.294,8.941,0.023,2.549,57.047,100.968
7286,49.452,88.072,8.96,0.02,2.553,57.023,101.691
7286.5,57.607,86.953,8.96,0.017,2.556,57.582,101.884
7287,43.711,84.715,8.93,0.018,2.558,58.257,103.163
7287.5,32.563,86.822,8.945,0.024,2.562,58.854,104.492
7288,14.168,99.986,8.93,0.042,2.577,60.014,105.088
7288.5,8.579,117.097,8.952,0.063,2.596,60.599,106.448
7289,5.673,135.376,8.941,0.09,2.599,60.374,108.285
7289.5,4.285,135.596,8.986,0.103,2.591,60.525,108.897
7290,4.497,132.568,9.009,0.106,2.587,61.496,109.59
7290.5,6.708,114.272,8.919,0.092,2.588,61.493,109.792
7291,7.812,107.011,8.997,0.072,2.584,61.052,110.258
7291.5,8.821,95.839,8.93,0.05,2.576,61.309,110.098
7292,10.662,94.259,8.919,0.034,2.559,61.177,110.329
7292.5,13.239,92.453,8.915,0.035,2.563,61.922,110.617
7293,10.35,99.956,8.922,0.049,2.559,62.13,110.819
7293.5,7.507,106.557,8.945,0.091,2.567,62.755,111.093
7294,5.832,115.207,8.937,0.125,2.567,62.679,111.144
7294.5,4.945,121.904,8.964,0.132,2.569,62.682,111.189
7295,5.399,125.438,9.009,0.096,2.567,62.99,111.24
7295.5,7.043,123.915,8.952,0.059,2.553,62.852,110.666
7296,8.911,114.307,8.952,0.039,2.552,62.594,109.664
7296.5,11.262,106.69,8.952,0.039,2.551,62.213,109.002
7297,11.529,103.211,8.93,0.042,2.549,61.5,108.721
7297.5,9.925,98.604,8.915,0.035,2.533,60.936,106.333
7298,11.525,97.665,8.896,0.023,2.521,60.229,105.35
7298.5,19.38,91.495,8.907,0.016,2.522,58.65,103.825
7299,33.137,87.152,8.907,0.014,2.525,58.444,103.374
7299.5,42.158,83.071,8.915,0.013,2.52,58.614,102.786
7300,61.703,75.158,8.907,0.011,2.5,58.558,102.803
7300.5,83.778,76.298,8.915,0.011,2.498,58.441,102.9
7301,73.115,75.575,8.919,0.012,2.503,58.535,103.197
7301.5,45.066,81.572,8.919,0.016,2.521,58.769,103.331
7302,34.621,80.576,8.907,0.02,2.532,59.121,103.895
7302.5,28.789,82.845,8.896,0.027,2.539,59.268,104.103
7303,25.648,83.459,8.907,0.026,2.538,59.371,104.422
7303.5,26.608,81.471,8.907,0.025,2.529,59.435,104.923
7304,29.169,77.833,8.907,0.023,2.522,59.478,104.676
7304.5,32.314,75.566,8.907,0.024,2.523,59.291,104.446
7305,34.497,82.016,8.952,0.023,2.523,59.099,104.208
7305.5,37.05,84.898,8.952,0.018,2.509,58.891,103.818
7306,51.498,87.019,8.941,0.014,2.491,58.509,104.041
7306.5,65.301,86.229,8.952,0.013,2.488,58.837,104.197
7307,71.716,87.809,8.941,0.013,2.508,59.329,105.502
7307.5,53.793,86.214,8.945,0.02,2.534,59.755,106.405
7308,32.29,87.152,8.93,0.038,2.551,60.437,107.299
7308.5,15.81,95.707,8.93,0.085,2.559,60.797,108.341
7309,8.776,110.317,8.922,0.123,2.565,61.044,109.239
7309.5,5.553,121.643,8.93,0.129,2.574,61.137,109.588
7310,6.854,118.747,8.922,0.093,2.58,61.265,109.827
7310.5,12.544,106.638,8.919,0.058,2.577,61.576,109.709
7311,20.085,89.636,8.907,0.038,2.559,61.597,109.581
7311.5,21.623,80.041,8.919,0.036,2.545,61.775,109.344
7312,18.695,78.857,8.919,0.044,2.546,61.555,109.212
7312.5,16.76,85.696,8.907,0.053,2.558,61.12,108.731
7313,12.451,92.544,8.93,0.07,2.566,60.981,108.702
7313.5,9.799,98.862,8.919,0.083,2.573,60.981,108.544
7314,8.993,99.526,8.907,0.093,2.581,61.09,108.382
7314.5,12.485,99.376,8.915,0.081,2.589,61.165,108.226
7315,16.341,93.469,8.907,0.067,2.592,61.169,107.822
7315.5,21.71,94.917,8.919,0.06,2.587,60.996,107.549
7316,23.709,97.944,8.915,0.069,2.587,60.864,107.009
7316.5,21.074,96.086,8.885,0.076,2.576,60.663,106.321
7317,22.029,101.503,8.896,0.069,2.57,60.434,106.023
7317.5,35.25,97.291,8.885,0.05,2.55,60.145,105.863
7318,45.973,98.607,8.874,0.034,2.541,59.987,105.018
7318.5,41.669,87.662,8.907,0.026,2.529,59.817,104.932
7319,37.007,81.489,8.896,0.03,2.524,59.704,104.889
7319.5,35.111,80.962,8.919,0.029,2.525,59.615,104.928
7320,39.56,77.672,8.885,0.032,2.531,59.62,105.104
7320.5,36.355,77.79,8.874,0.04,2.542,59.663,105.544
7321,27.557,81.714,8.885,0.046,2.56,60.13,105.961
7321.5,21.946,91.059,8.874,0.063,2.574,60.408,106.525
7322,19.005,98.843,8.874,0.085,2.582,60.718,107.382
7322.5,15.894,102.421,8.885,0.111,2.577,61.008,107.745
7323,11.978,106.239,8.862,0.115,2.584,61.451,107.949
7323.5,9.837,106.353,8.87,0.091,2.603,61.679,108.468
7324,13.291,95.046,8.87,0.058,2.62,61.796,108.709
7324.5,21.894,85.306,8.877,0.046,2.625,61.973,108.79
7325,28.098,78.329,8.874,0.053,2.625,61.819,109.164
7325.5,20.849,84.635,8.896,0.068,2.626,62.358,108.771
7326,20.637,85.308,8.885,0.074,2.623,62.249,108.855
7326.5,25.838,89.52,8.885,0.073,2.628,61.711,108.583
7327,34.115,81.886,8.885,0.058,2.64,61.648,108.284
7327.5,33.309,79.896,8.892,0.036,2.649,61.683,108.455
7328,33.904,77.141,8.907,0.025,2.634,62.003,108.827
7328.5,36.085,87.539,8.896,0.049,2.608,62.144,109.697
7329,23.04,97.937,8.9,0.085,2.598,62.307,110.397
7329.5,13.359,110.454,8.885,0.119,2.599,62.555,110.81
7330,7.59,109.533,8.874,0.131,2.611,63.18,110.995
7330.5,6.049,110.849,8.862,0.133,2.607,63.256,111.707
7331,7.399,108.327,8.851,0.126,2.608,63.461,112.056
7331.5,12.46,109.398,8.847,0.122,2.605,63.953,112.538
7332,13.662,101.764,8.851,0.111,2.606,63.916,112.245
7332.5,13.068,95.972,8.862,0.108,2.596,63.674,111.492
7333,12.592,95.428,8.885,0.105,2.594,63.135,110.745
7333.5,19.675,97.946,8.885,0.11,2.598,62.25,110.04
7334,23.741,100.362,9.028,0.081,2.607,62,107.985
7334.5,19.903,94.667,8.847,0.049,2.593,61.508,107.562
7335,14.941,83.96,8.862,0.019,2.567,61.354,107.42
7335.5,14.582,75.226,8.885,0.015,2.54,61.352,106.689
7336,17.038,74.998,9.088,0.02,2.533,61.346,107.088
7336.5,21.62,78.594,8.885,0.034,2.516,61.468,106.583
7337,29.909,78.462,8.919,0.033,2.482,61.745,107.031
7337.5,39.603,73.87,8.93,0.018,2.38,61.737,107.991
7338,37.064,63.999,8.941,0.01,2.281,62.386,108.068
7338.5,36.901,60.72,8.907,0.016,2.277,63.4,109.093
7339,39.682,59.126,8.907,0.03,2.375,63.854,110.456
7339.5,50.253,68.851,8.851,0.04,2.496,64.166,112.113
7340,43.564,71.735,8.851,0.04,2.543,64.519,112.364
7340.5,29.521,80.57,8.919,0.049,2.562,65.275,112.873
7341,44.052,88.204,8.96,0.074,2.576,65.325,116.901
7341.5,53.504,92.284,8.907,0.087,2.585,65.358,116.649
7342,45.961,91.874,9.065,0.074,2.564,65.585,116.952
7342.5,38.515,87.414,8.896,0.058,2.553,65.373,116.771
7343,28.988,85.835,8.896,0.073,2.565,65.448,116.89
7343.5,27.331,87.283,8.896,0.1,2.584,65.457,116.453
7344,38.085,94.375,8.885,0.13,2.6,65.328,116.808
7344.5,47.408,98.604,8.862,0.135,2.594,65.292,116.241
7345,56.752,107.423,8.885,0.14,2.601,65.314,116.254
7345.5,46.804,106.469,8.896,0.13,2.6,65.441,116.305
7346,52.3,112.526,8.907,0.132,2.607,65.578,116.615
7346.5,80.827,110.6,8.896,0.131,2.611,65.844,116.826
7347,79.282,112.688,8.896,0.142,2.62,66.115,117.073
7347.5,68.38,112.273,8.9,0.139,2.621,66.055,116.787
7348,47.165,115.537,8.9,0.142,2.615,66.092,116.644
7348.5,29.469,117.168,8.896,0.137,2.603,66.072,116.839
7349,9.973,121.248,8.919,0.124,2.592,66.109,117.07
7349.5,6.844,115.171,8.919,0.111,2.578,66.254,117.499
7350,9.786,111.768,8.907,0.114,2.585,66.441,118.108
7350.5,10.008,108.478,8.907,0.145,2.603,66.85,118.65
7351,7.758,111.373,8.896,0.165,2.625,66.932,119.236
7351.5,7.578,110.828,8.896,0.161,2.617,67.391,120.094
7352,7.417,109.795,8.907,0.148,2.612,67.384,120.093
7352.5,5.665,111.111,8.896,0.148,2.609,67.458,120.111
7353,5.364,112.822,8.907,0.153,2.624,66.754,119.226
7353.5,5.982,108.064,8.9,0.143,2.626,66.424,118.526
7354,8.318,97.681,8.896,0.108,2.619,65.446,117.336
7354.5,12.049,88.73,8.885,0.071,2.594,65.238,116.653
7355,12.179,80.701,8.896,0.047,2.566,65.087,115.247
7355.5,13.953,80.554,8.896,0.058,2.546,64.677,114.271
7356,17.975,79.516,8.885,0.079,2.557,63.771,113.438
7356.5,28.145,87.413,8.892,0.092,2.583,63.438,112.023
7357,26.548,89.256,8.9,0.078,2.607,63.287,111.892
7357.5,24,88.846,8.885,0.062,2.609,63.306,112.096
7358,20.301,85.703,8.896,0.048,2.599,63.321,112.387
7358.5,17.991,83.334,8.9,0.061,2.581,63.49,113.113
7359,17.806,88.994,8.885,0.075,2.571,63.797,113.952
7359.5,15.678,89.899,8.87,0.084,2.578,64.148,114.55
7360,14.2,93.997,8.892,0.086,2.597,64.324,114.782
7360.5,15.028,97.814,8.896,0.11,2.611,64.482,114.648
7361,12.172,106.896,8.896,0.142,2.618,64.386,114.555
7361.5,9.027,112.407,8.885,0.161,2.627,64.39,114.721
7362,6.702,114.139,8.885,0.147,2.632,64.308,113.289
7362.5,6.137,112.296,8.896,0.12,2.618,64.051,112.584
7363,7.741,106.636,8.896,0.099,2.608,62.784,111.307
7363.5,12.951,100.693,8.862,0.092,2.601,62.499,109.746
7364,20.46,94.26,8.896,0.083,2.601,62.18,108.627
7364.5,22.464,90.574,8.885,0.064,2.591,60.896,107.517
7365,26.817,86.494,8.907,0.044,2.584,60.424,106.841
7365.5,25.625,82.792,8.885,0.035,2.584,60.076,105.829
7366,24.874,80.963,8.9,0.032,2.583,59.98,106.361
7366.5,27.486,79.484,8.896,0.03,2.581,60.42,106.895
7367,37.933,80.158,8.896,0.03,2.59,60.746,107.487
7367.5,32.906,81.592,8.877,0.053,2.606,61.142,109.592
7368,14.21,90.197,8.877,0.087,2.62,61.87,111.25
7368.5,7.893,97.947,8.885,0.131,2.626,64.223,112.667
7369,5.708,106.804,8.9,0.149,2.622,64.85,115.113
7369.5,4.996,110.72,8.896,0.158,2.625,65.38,116.152
7370,4.304,114.426,8.9,0.15,2.627,65.807,116.429
7370.5,4.603,118.205,8.896,0.147,2.622,65.947,116.959
7371,5.359,114.139,8.896,0.145,2.611,65.94,117.828
7371.5,6.678,110.409,8.907,0.152,2.606,65.989,117.537
7372,8.983,102.117,8.9,0.157,2.622,65.481,117.021
7372.5,7.501,102.248,8.896,0.148,2.637,65.2,115.831
7373,6.726,97.55,8.919,0.136,2.64,64.639,114.897
7373.5,5.978,98.6,8.9,0.118,2.642,63.122,113.605
7374,5.508,93.73,8.885,0.106,2.651,62.288,111.634
7374.5,7.029,91.212,8.896,0.093,2.664,61.613,110.481
7375,8.948,83.055,8.907,0.08,2.668,60.034,109.483
7375.5,10.059,74.928,8.907,0.062,2.677,59.617,108.884
7376,11.932,71.242,8.885,0.047,2.684,59.201,107.4
7376.5,10.794,68.346,8.885,0.046,2.689,58.941,106.838
7377,10.059,76.49,8.892,0.05,2.68,58.593,106.333
7377.5,9.55,81.097,8.892,0.054,2.646,58.551,105.959
7378,11.8,82.281,8.907,0.055,2.609,58.59,105.67
7378.5,14.329,78.053,8.9,0.052,2.581,58.609,105.529
7379,15.529,74.25,8.896,0.049,2.567,58.783,105.587
7379.5,18.613,76.487,8.885,0.047,2.569,59.183,105.801
7380,23.636,78.725,8.896,0.044,2.577,59.314,105.623
7380.5,32.677,81.344,8.885,0.044,2.603,59.725,105.808
7381,43.22,84.518,8.874,0.039,2.622,59.735,106.147
7381.5,49.111,89.223,8.896,0.046,2.625,59.755,106.409
7382,48.76,92.508,8.896,0.061,2.628,59.769,106.354
7382.5,42.065,93.019,8.874,0.073,2.64,59.642,106.219
7383,35.364,89.049,8.907,0.074,2.658,59.442,106.185
7383.5,46.442,90.908,8.907,0.068,2.666,59.484,106.002
7384,52.789,93.804,8.896,0.065,2.661,58.824,105.412
7384.5,61.036,92.674,8.896,0.056,2.647,58.105,105.125
7385,66.067,84.516,8.885,0.039,2.646,58.088,104.753
7385.5,90.677,75.566,8.874,0.024,2.646,58.097,104.38
7386,95.166,73.197,8.896,0.02,2.668,58.328,104.235
7386.5,60.198,72.525,8.885,0.02,2.675,58.618,104.458
7387,37.143,77.673,8.885,0.033,2.665,58.884,104.662
7387.5,23.787,86.492,8.896,0.061,2.642,59.332,104.643
7388,14.384,90.968,8.896,0.073,2.621,59.354,104.83
7388.5,11.395,94.122,8.874,0.063,2.608,59.488,105.008
7389,17.606,90.436,8.885,0.041,2.593,59.708,105.084
7389.5,34.892,91.809,8.896,0.037,2.584,59.888,105.03
7390,48.209,94.037,8.896,0.033,2.574,59.806,105.01
7390.5,45.1,90.351,8.896,0.034,2.565,59.534,104.848
7391,48.623,90.752,8.907,0.036,2.551,59.148,104.314
7391.5,62.652,84.267,8.885,0.037,2.552,58.778,104.338
7392,67.759,88.893,8.896,0.035,2.556,59.201,104.296
7392.5,68.152,90.541,8.896,0.035,2.563,59.313,104.37
7393,55.892,93.472,8.896,0.038,2.568,59.26,104.795
7393.5,45.494,90.821,8.896,0.043,2.58,59.337,105.227
7394,38.365,92.155,8.885,0.047,2.601,59.94,105.414
7394.5,32.205,96.367,8.885,0.053,2.607,60.087,105.433
7395,27.675,101.764,8.896,0.065,2.608,60.145,106.395
7395.5,20.339,102.009,8.885,0.086,2.609,60.315,106.38
7396,12.029,104.266,8.885,0.098,2.616,60.427,106.618
7396.5,8.475,105.451,8.885,0.092,2.62,60.448,106.682
7397,9.548,105.451,8.892,0.074,2.618,60.573,106.966
7397.5,16.117,102.272,8.896,0.059,2.614,60.583,107.249
7398,27.393,100.184,8.885,0.056,2.609,60.576,107.058
7398.5,33.294,98.209,8.892,0.055,2.594,60.521,106.807
7399,30.772,100.579,8.885,0.059,2.588,60.444,106.591
7399.5,24.669,100.824,8.9,0.061,2.588,60.314,106.501
7400,22.83,99.788,8.907,0.059,2.585,60.107,106.484
7400.5,20.537,94.128,8.93,0.058,2.585,60.063,106.31
7401,19.367,95.971,8.896,0.06,2.588,59.926,106.348
7401.5,19.037,96.876,8.907,0.057,2.588,59.9,106.02
7402,19.99,99.13,8.907,0.056,2.577,59.668,106.13
7402.5,22.597,96.498,8.896,0.053,2.561,59.466,105.432
7403,25.903,95.05,8.9,0.05,2.558,59.217,104.829
7403.5,30.021,92.269,8.892,0.045,2.557,58.868,104.374
7404,36.607,91.496,8.907,0.036,2.556,58.65,104.076
7404.5,46.834,90.706,8.915,0.032,2.555,58.661,103.437
7405,67.325,91.759,8.907,0.027,2.565,58.59,103.239
7405.5,96.596,88.057,8.907,0.026,2.573,58.416,103.102
7406,109.774,86.624,8.885,0.03,2.587,58.389,102.977
7406.5,138.315,82.544,8.907,0.027,2.601,58.473,103.037
7407,107.818,84.386,8.885,0.025,2.615,58.415,103.328
7407.5,86.259,83.582,8.907,0.023,2.61,58.817,103.488
7408,71.937,86.23,8.919,0.026,2.586,58.924,103.729
7408.5,50.023,88.599,8.919,0.037,2.568,59.055,104.027
7409,35.076,92.021,8.907,0.044,2.568,59.083,104.363
7409.5,21.148,94.506,8.907,0.05,2.572,59.052,104.414
7410,18.429,94.524,8.907,0.047,2.57,58.899,104.616
7410.5,23.349,98.472,8.907,0.041,2.571,58.862,104.689
7411,35.35,96.235,8.907,0.032,2.581,58.932,104.58
7411.5,50.297,92.4,8.9,0.03,2.591,59.101,104.823
7412,48.925,87.81,8.877,0.037,2.599,59.132,104.812
7412.5,28.758,91.007,8.877,0.052,2.608,59.055,104.301
7413,17.436,98.66,8.877,0.062,2.606,58.869,104.076
7413.5,12.189,103.633,8.877,0.066,2.597,58.8,103.985
7414,11.072,104.534,8.862,0.054,2.594,58.733,103.696
7414.5,14.038,99.381,8.862,0.038,2.597,58.618,103.264
7415,20.02,92.418,8.896,0.023,2.592,58.455,103.044
7415.5,27.495,88.057,8.9,0.019,2.569,58.291,102.826
7416,33.919,85.439,8.892,0.019,2.539,58.15,102.126
7416.5,35.988,85.439,8.9,0.019,2.53,58.029,102.102
7417,33.867,84.65,8.922,0.021,2.527,57.911,101.968
7417.5,31.68,85.161,8.9,0.024,2.538,57.86,101.78
7418,28.868,86.361,8.896,0.032,2.541,57.896,101.576
